<?xml version="1.0" encoding="UTF-8"?>
<project-private xmlns="http://www.netbeans.org/ns/project-private/1">
    <editor-bookmarks xmlns="http://www.netbeans.org/ns/editor-bookmarks/2" lastBookmarkId="0"/>
    <open-files xmlns="http://www.netbeans.org/ns/projectui-open-files/2">
        <group>
            <file>file:/C:/murach2/productMaint2_1/web/addProduct.jsp</file>
            <file>file:/C:/murach2/productMaint2_1/src/java/murach/cart/ProductMaintServlet.java</file>
            <file>file:/C:/murach2/productMaint2_1/src/java/music/tags/IfEmptyMarkTag.java</file>
            <file>file:/C:/murach2/productMaint2_1/web/products.jsp</file>
        </group>
    </open-files>
</project-private>
